uid,qa_type,qa_num,qa_text,True Sentiment,True Evasion Present,True Topic,,,
synthetic_1,QA,1,What is the impact of the new marketing strategy on loan growth? The new marketing strategy has significantly increased our loan growth projections for the upcoming quarter.,Positive,Not Evasive,Macro,,,
synthetic_2,QA,2,"How do you view the impact of the current interest rate on portfolios? The current interest rates are favorable for expanding our lending capabilities, promoting economic growth.",Positive,Evasive,Fed | Central Banks,,,
synthetic_3,QA,3,Can you explain the benefits of the new financial product offerings? Our new financial products offer competitive rates and innovative features that align with market demands.,Positive,Evasive,Company | Product News,,,
synthetic_4,QA,4,What measures are being implemented to improve risk management? We implement rigorous analysis and real-time data monitoring to mitigate risk.,Positive,Not Evasive,Company | Product News,,,
synthetic_5,QA,5,What are the recent trends in loan default rates? Loan default rates have remained stable.,Neutral,Not Evasive,Financials,,,
synthetic_6,QA,6,How does the bank assess its financial performance? Financial performance is evaluated through a combination of metrics.,Neutral,Evasive,Financials,,,
synthetic_7,QA,7,What factors contribute to maintaining loan approval rates? Effective loan approval rates are influenced by thorough risk assessments and market conditions.,Neutral,Evasive,Financials,,,
synthetic_8,QA,8,"What is your assessment of current financial regulations? Current financial regulations are evolving rapidly, requiring adaptability and strategic planning from institutions to remain up to date.",Neutral,Not Evasive,Legal | Regulation,,,
synthetic_9,QA,9,"Can you discuss the reasons for fluctuations in market interest rates? Fluctuations in market interest rates are primarily driven by negative economic indicators and inconsistent central bank policies, leading to instability and uncertainty in financial markets.",Negative,Not Evasive,Markets,,,
synthetic_10,QA,10,"What is the bank's strategy for addressing rising loan defaults? While we are considering various strategies to manage the increasing loan defaults, the situation is deteriorating, and specifics are not something we can disclose at this time.",Negative,Evasive,Financials,,,
synthetic_11,QA,11,"What are the main challenges facing our loan portfolio? Our loan portfolio is currently experiencing significant challenges due to rising defaults and economic instability; however, the specifics of our strategies to address these issues are complex and still under review.",Negative,Evasive,Macro,,,
synthetic_12,QA,12,"What steps are being taken to enhance credit risk management? While we claim to be enhancing our credit risk management strategies through stricter criteria, the reality is that we are struggling to keep up with the pace of economic decline, and many of our efforts may be inadequate to prevent future defaults.",Negative,Not Evasive,General News | Opinion,,,
